"text","base64"
"aboyda@multiply.com","owGbwMvMwMT47u2qw7kXP69kPC2ZxBA+/Zl3YlJ+ZUqiQ25pTklmQU6lXnJ+bsccFgZGJgY2ViaQAgYuTgGYrqKlLAxLDqzhf1Uz0bvk8RXjbbmW+8z69Y78fSTcL2KZp9Ompi8kPi+NJ03p6JStsbd33jaOVLy9UFX659K3HBnH8ttMKifNCNnEJ3VC68flN/VL0nNa0q/mrovWn/Xnct/hLwx5ndvPmUhLeP96V/iJL+oN/wLjWdvN+HedqThyVGfO3Otr9nzcVz0VAA=="
"adunn1h@prweb.com","owEBxgA5/5ANAwACAe7tqsNt0fOpAcsXYgBXl+ZMYWR1bm4xaEBwcndlYi5jb22InAQAAQIABgUCV5fmTAAKCRDu7arDbdHzqQpKA/4o08tHu3adhwbn2RetVEN8tfuaZKwrfMyx992whmT0ZcxVo2qZgh3+pNZ6Z1OQitjtFv/tyqSppmWgtdjoR4YN+byeMsR/WBKaSrCxpJC4kjK1K0xloA6y44rWrY+LfB+HuvEqjyZhmEbX51ZaoMIV3u/2UxHiRAkNyOsiq3hVIA=="
"afreeman1r@mozilla.org","owGbwMvMwMT47u2qw7kXP69kPC2TxBA+/ZlPYlpRampuYp5hkUNuflVmTk6iXn5ResccFgZGJgY2ViaQGgYuTgGYRntNFoaeAMFLvUWzWtRbZNxXxe+wdez8+2jlhWWr56V8t3i1t4+F9firR/F+TP92xzP2BJSHL6ufsHDZm+m3bepmi+mdOnZdwuJtSuVTY6UpjNIKL1jt2E80M5tahrGeL2IXKgzZfmL3LvMYbiHPGhHv+L0en++ZcJy4oh7pyK75b+eKo3wlC+NmTQEA"
"amorales2d@ow.ly","owEBxQA6/5ANAwACAe7tqsNt0fOpAcsWYgBXl+ZMYW1vcmFsZXMyZEBvdy5seYicBAABAgAGBQJXl+ZMAAoJEO7tqsNt0fOpKa4D/2vzGkOJzbLql9UhRNiB+ZzhkMw2/2otttywgiiWTLUCoQTWkNbIC5HSwAyDInpPm0j9r4feyHT+JekZRG7owkzF862wUtl7CW21+hzVTsHaR2xe5Tr5heMJv/6VlA4MZcK1ESErzhkAcrrxx+ZqXsDRSqmULA2HpxOpDgEK3ly2"
"amyersu@usgs.gov","owGbwMvMwMT47u2qw7kXP69kPC2WxBA+/ZlPYm5lalFxqUNpcXqxXnp+WcccFgZGJgY2ViaQLAMXpwBMy9pjzL/ZvZaI/IuruFKtw/zxsjIf96IFj4Q5Ztlve1zMv372hCvHnZ22Hj2cIPjtXcgkze3vl67L6Q7r/R3Vt7fC7vPV5FVci88fcP5v1XPqIIOrfOD0VVpvyrvuKB/58bTlrugTgdj1k7lehV3UqPgSz36/02/7/KlO1TUPk2LntDO6f0iKWXhCgokTAA=="
"apattersonp@slashdot.org","owGbwMvMwMT47u2qw7kXP69kPC2XxBA+/ZlvYkFiSUlqUXF+XoFDcU5icUZKfoleflF6xxwWBkYmBjZWJpAqBi5OAZhWs0zmPzzTfiht2rfn9/Xfa8QTtbKkdCta+2PmTpgz5VqkclH6y+hvfir8lfPqru1a7eOlvu7u+SynD9su55zqE9x66G2W4Mzg+2YqSt2R17+2+z/c3vyv+tkBh3XNP5U3zFa8XMne//nm/9K9M6uOhmyJfDWncW+Q+/Opi//Jss3K6BTL0/vIGnir0Q4A"
"areed1w@fotki.com","owEBxgA5/5ANAwACAe7tqsNt0fOpAcsXYgBXl+ZNYXJlZWQxd0Bmb3RraS5jb22InAQAAQIABgUCV5fmTQAKCRDu7arDbdHzqUPgA/0ULedYAfMT9u11Foqs9Xndce8XNpAYgdjFsWyR64bBHE6apIi/eOtYnReeSCXZvvdQOMYr+8PeTfG35bMWGWbU2LaXRijRy6XXx4eDE7hnSplR2VTU9kCZrtw7FxoT+VFItvry4JsXO5aTWNXN4tau7FTDpYow7ww4lv0iIRDv8Q=="
"arogers1p@omniture.com","owGbwMvMwMT47u2qw7kXP69kPC2TxBA+/ZlvYlF+empRsWGBQ35uXmZJaVGqXnJ+bsccFgZGJgY2ViaQGgYuTgGYxuOJzP8DGt2eHdmXvUZ5+0WreB9d+dnspy3a55YZlzQZLA+xUqv3zN9zsCJfmu3vXVsvocaZRYvOyzIHNb502ygX/vQf29/rN85Kl7xieiZ8vdH4dC2nmN515YrbH/edkUqY43t248MzqecNHe/InlRWeP3IdONkQeHToeVbN3bYbb20PvyInZBU1B8A"
"bbarnes2m@ning.com","owGbwMvMwMT47u2qw7kXP69kPC2RxBA+/ZlvUlJiUV5qsVGuQ15mXrpecn5uxxwWBkYmBjZWJpA8AxenAEzTwmQWhrOqJ5O2+t4RfDX59a4FdaWdX49s9ePJFcq3OGxo9y852uJY09pJWQtDNi8LrNt48tu5eXuDP33flnyWYfGG+m3WJj+tXtxw+MDk6WQh6820SnXnb96zfAYyRZM61pWVmDc8Ohu2jO9lwq+H6xbq/hSeL3ilZYHDOrV3Vv67nGJXrhKxfG/xfxIA"
"bhowellm@gnu.org","owGbwMvMwMT47u2qw7kXP69kPC2WxBA+/ZlfUkZ+eWpOTq5Del6pXn5ResccFgZGJgY2ViaQLAMXpwBMy0I55r+ihld8/WXus+id3sd8moc31nOtc36z7LUQnyrjhhcXzv19PuOPBbsBy7ILM3gX1By4uri/5lrwEpYdey8mrFmdb8x9xeSW1OGdadxqp5MjPYqi2fM3ykW8UDu0fk+dn+zpvez+QU1rL8jOumYmLqhReD5jddnJiP22dwXq97DwsO6vNnObdR8A"
"blittle11@si.edu","owGbwMvMwMT47u2qw7kXP69kPC2WxBA+/ZlfUk5mSUlOqqGhQ3GmXmpKacccFgZGJgY2ViaQLAMXpwBMS9US5v81RR67H+68fDFJNtYirF3sXcuetp3mj4QPSM+0cVsh7Vq+NWbp89qjJUumvzjurjlvx5Y6R46/DucYmi++S3+wYNkx329zdQQWKj2LPVpySD8wUcn5R+ezFyesPovflzZXjO/8UHAql/3K1XN/mtn49m/wMTZtZbt808K7onXrCvkbJ+st5zMAAA=="
"brichardson2q@craigslist.org","owGbwMvMwMT47u2qw7kXP69kPK2UxBA+/ZlfUlFmckZiUUpxfp5RoUNyUWJmenFOZnGJXn5ResccFgZGJgY2ViaQSgYuTgGY9mtJLAxH4q9434p+oPg/ct4qmSadL4FmK77mrP3x59gtT037ulO3t8mkP50YZnpVtlawOLl2qmValOW77S7XXtU+ZWSc87COc83viVc0tp65Xn4geFfH9lKj6WsfP2MI942dsOdr6vdF6e6fJVnmr1d7mLju608WsdASI4atyQHHppRcjPy4d3/W7G/aAA=="
"bwalker1q@shinystat.com","owGbwMvMwMT47u2qw7kXP69kPC2bxBA+/Zl/UnliTnZqkWGhQ3FGZl5lcUliiV5yfm7HHBYGRiYGNlYmkCIGLk4BmM6XtiwMy545nficor8oOLT4mrpoeutfmxx1h0nzYmumcB3Y9tVI7Gr47nNygd9XL5zbyXrWbJexvbjC1pq8T42r9nQaaF7xC2iZ8OJSmc2HhrqUSTZTlhTxCk950/ypcE/gif8/Fb17pe6xn3l4a5MFk6HnYiebjW8qr6474D5b6tcu/wIB3wk8J76dAAA="
"candersonh@stumbleupon.com","owEBzwAw/5ANAwACAe7tqsNt0fOpAcsgYgBXl+ZPY2FuZGVyc29uaEBzdHVtYmxldXBvbi5jb22InAQAAQIABgUCV5fmTwAKCRDu7arDbdHzqdULA/9dun+dcSobrdE6FTm/r8n517vqBVPyV4ycI4zR4bypq66X6lmXWMVHwcPWhl9rx4ehJe6FH7AcdLOxx6BTq7VO4lcmPQ/y3fClDP+NReUW01DK48RRWoU7Rx1LDbmS6r593kK+bsAG5jf0Gq7rqDP+7hJojSmSv9O/pVRW+FbQfg=="
"candrewsn@paginegialle.it","owGbwMvMwMT47u2qw7kXP69kPC2fxBA+/Zl/cmJeSlFqeXGeQ0FiemZeanpmYk5Oql5mScccFgZGJgY2ViaQMgYuTgGY3n3mLAx7PeXmiOkpvk80No3L+6jF8jZXkKWf73T27sVN01LtilmbbRyWrEpW9w9q/Ljmp81z9Xe8z79pGM2/dFxUX7WfW0HrZEGtcpPvpIuHDzj/fCM7I/PMQrm7N1ewXXH6EGR9k7UsjkktwrL6Qqdsx7/cY5x1tzV11M+dfvW765mX6pv07Zpn2AA="
"cbrooks25@scribd.com","owGbwMvMwMT47u2qw7kXP69kPC2VxBA+/Zl/clJRfn52sZGpQ3FyUWZSil5yfm7HHBYGRiYGNlYmkAoGLk4BmDb/hcz/Q5i4ug5rl/30NlTWuJAj82KZtMI9q9xH6nYxFqZlLr3Wh51u/nC9yhMzZ2aNoklaxz+Fq8fe/f1142GI5dqlu1lkgp4eWxvaevnq/DaGQxI/f1b+Wxb3/oGe/8EHVhs1d6jn5C3qm/ruRaD11edu2t4TJqSZbp0y7/XU1HtNQfN9zmwv+rSSGwA="
"cclark2a@oaic.gov.au","owGbwMvMwMT47u2qw7kXP69kPC2VxBA+/VlAcnJOYlG2UaJDfmJmsl56fpleYmnHHBYGRiYGNlYmkAoGLk4BmDaTjcz/a00sDeResJqI2fuL8Dby+m9hKZjNZrhsyWPODxNF2rfmlB7X3PzNJ2p/x8yKZUXBL2v/LApaULbQZ90RL0ZvTalTM+0WM837/vlY9itLTZ0wA9MjSWwBK1Q/iP6y3De9Lqr4F+MlUfEQU7d4hZZVz04u6q3RffhbfG+BwtoD/FLfGO7KvfsLAA=="
"cthomas2h@w3.org","owGbwMvMwMT47u2qw7kXP69kPC2WxBA+/VlAcklGfm5isVGGQ7mxXn5ResccFgZGJgY2ViaQLAMXpwBMy2UN5v/u/o/bDyl9K7/Z86mnnO1VQ4Xrbl6BSQ8NOq7ftWys+1LAnWv5bYuOePg+9UUq883OF+35cYhtptaOqPjZl61VJjzPD7lwZmu33SS+iV3z2H7+2tTpz/3wqdiBYzosdRGHLXrXPnnU03Gy6qkPw6HeU3/YipYIsQbkXlpu8XLa0R6fU4q6v14CAA=="
"dberry21@yellowbook.com","owGbwMvMwMT47u2qw7kXP69kPC2bxBA+/VlASlJqUVGlkaFDZWpOTn55Un5+tl5yfm7HHBYGRiYGNlYmkCIGLk4BmM5gJhaGo6llk5KffI+T7na0arCccv2tonihi1jQMsGVbKHeL8Kk+3ZkyNXVXO/3uuK37sapgASdsHnJO4LU9tbxHtpxySv2xqyPh0wlKt1VA9ZM//Hf5mODvO+OWZ/cGp6o9R2+tOveHbV11uUXt38sqw70k739rGLqwqYpH2s/HUswTLJd/KOtvccAAA=="
"dcarroll1f@businessweek.com","owGbwMvMwMT47u2qw7kXP69kPK2YxBA+/VlASnJiUVF+To5hmkNSaXFmXmpxcXlqarZecn5uxxwWBkYmBjZWJpBCBi5OAZju/r3M/2tt3NMsWOU3vjiY9f2S5po7H7rOPThp67mtzmu/79/yOzkro3yz5thP/tGWzvNl055+zyUnPp0rTHpZslFYJlDHUf21rvG2+88lWCIljsf1/YiZHRnM5Sz0cYXHq+/qub8XzO5TXGBTsiLrfO4RvWsnvsixKwp1NVa9CLRrT1rwW9ZG+IJIPAA="
"dhicks1v@techcrunch.com","owGbwMvMwMT47u2qw7kXP69kPC2bxBA+/VlgSkZmcnaxYZlDSWpyRnJRaV5yhl5yfm7HHBYGRiYGNlYmkCIGLk4BmM4bKSwMa003Rept+333+qKHH5zuO6jcedqx9EbMxk/X/9w+s9nQW0rNbM7C3MDUg7Krn3bEtn/63L/2mZDjgRMT1gYsOeNlkmcodkvR5JXs8QbZt09V1h0/Y77BXy32tX6ivZmLvIL9n0PK65o83szh4is16S6U3iCjctjYJNOXUXtDxk2NM6p83XssAA=="
"dperkins16@fda.gov","owGbwMvMwMT47u2qw7kXP69kPC2RxBA+/VlgSkFqUXZmXrGhmUNaSqJeen5ZxxwWBkYmBjZWJpA8AxenAEyTqhjz/yoR3e9Wpks6kjfP5yjat+tLu8SCVq3MstiYhl6/kMqlrm/FeR59PnPAQmiFn0Xhi/d2H50uZy9T2anepTnjYUZGC2vuGXZ2E5bbfPOWnP713r+sf65XdtKDk3L7X/QYBM76YJvlmxiYyaysuLx//ncZx5RJwXMyvVy2ZPw5YnhYlOVez14zAA=="
"dross2b@soundcloud.com","owGbwMvMwMT47u2qw7kXP69kPC2TxBA+/VlgSlF+cbFRkkNxfmleSnJOfmmKXnJ+bsccFgZGJgY2ViaQGgYuTgGYxgVLmH8x9c2M3vzAx/xUe4v9gUB7lzDX+EounvaH1xLbSzeGndjqpLFZa67U8s9qm3uf5/infl0rNv1XJNPym+LL1dN7PSYyPmY4xPrkeqykidkeZ4bDa5j85+6LyQkIlKz/Nk25aXXX66dBIR0Ho4s3mFUF7FFIF5q7eOa1kO1HDyXrafixXWUxzwEA"
"drussell2l@weebly.com","owGbwMvMwMT47u2qw7kXP69kPC2dxBA+/VlgSlFpcXFqTo5RjkN5ampSTqVecn5uxxwWBkYmBjZWJpASBi5OAZg+XgPm/zn/mhwC6w81LM26N+vfEwHbp7NlFilMizngr1ZXn9JesLM1u0L6uuud3j3xvTr8yls6wr3n66SFzp77oHSzxct9/+S5IsVlbd61n7z6PkpkjyHXop0K06u3W6z5xfb5qU+e6lVdF3np7cadG3oZ36hmJ1z51tzAMGth+PIrS16d7D0qs30OLwA="
"dscott27@salon.com","owGbwMvMwMT47u2qw7kXP69kPC2RxBA+/VlQSnFyfkmJkblDcWJOfp5ecn5uxxwWBkYmBjZWJpA8AxenAExTXQzzLyY9tfolSYc2s7LYPvV3X1vKscRsW5z8rqNLrpf//vJw567QgxdjUyRvnmXnmsFY+Ovy/OdLr3EeSsx9Yqi4rs6Jb+/Ela7eMxY4HFFa+9cidrbW+37nrdGrmF6510ipROk+sGQyP7zT8YDUtT0n7b5ONtihsSdf7LE757adl+tOZqy8uCJ7oyYA"
"ecoleman18@craigslist.org","owEBzgAx/5ANAwACAe7tqsNt0fOpAcsfYgBXl+ZSZWNvbGVtYW4xOEBjcmFpZ3NsaXN0Lm9yZ4icBAABAgAGBQJXl+ZSAAoJEO7tqsNt0fOp7YoD/31WwrE7d8PAruqh3ahNldr4CzgpysLxQzo4ynpAbB0r5xdD7M1c4Xt2mRfcT/eFnNb3/gG2aG+BpZX9/clr8E2J7beYkYWn6g4+tp2VODleQrbv5UTgRNGKzC1vYFa4I9usVZiI1/KU+8vC/jx0uJG/3kUQayt9CoNLzWKoHnMt"
"egrahamb@webmd.com","owGbwMvMwMT47u2qw7kXP69kPC2RxBA+/VlQanpRYkZibpJDeWpSbopecn5uxxwWBkYmBjZWJpA8AxenAExTfS/zP5WLFz6tL3/tX5NwiZNphf808xWhx/68/NmrX+J/Njv/ukh/3ZyfvlnHZmUqsGWrWzRdzw564fzzadqGlIrVP6QZDnSfNzPP3JEemr3t8Q5r9fqVZ2/qSv3yvHMn8+CjZ7ODOLz//9Dft0FbPm/DLP1StcrtzV1XGrc1F1x+O5FN+7K1Rf79FAA="
"ehenderson17@so-net.ne.jp","owGbwMvMwMT47u2qw7kXP69kPC2fxBA+/VlwakZqXkpqUXF+nqG5Q3G+bl5qiV5eql5WQcccFgZGJgY2ViaQMgYuTgGY3sV9zP+rvzxgfeKQoqm5/Ijty6dfHu4SEsh6sD7w8Mp733wdmh7XvJdn+NGf1XTPfer9RzLTv9y3eO1n2WS+32nv1uT+/E2lE7pcZz20O6Nrqc18Y8trfz62aRzfrF4+b/+p71k8d7m16vuLFrfeHFoyS+efpMHc6Zp6PtHGdyYKpZq2yRa+Kfkpti0TAA=="
"ehunter1y@pagesperso-orange.fr","owGbwMvMwMT47u2qw7kXP69kPK2SxBA+/VlwakZpXklqkWGlQ0FiempxQWpRcb5uflFiXnqqXlpRxxwWBkYmBjZWJpBaBi5OAZgBK7SZ/0rGqp7L/laz+uWF67rVrKLL54h22iaGiBjMvNzheCRO4EYJXwxPyoxn6z/dLttrs/7TmtTpLNEXz/9hfVqxblW1wErnLtHrzlzBx6c3NR2d84LbZc1uB+E1crtKtS02n9qcY5Cz2oa16WDYl6bofVVc3kyV4XcyWpk8eVjvFa/7+GzHAvZGJwA="
"ekellyq@jigsy.com","owGbwMvMwMT47u2qw7kXP69kPC2exBA+/VlwanZqTk5loUNWZnpxpV5yfm7HHBYGRiYGNlYmkDQDF6cATE/nCeb/rn/Ot77jubhQsTrmFMPD84JxOv9KZHaEWfQwvGJp8Q4zu7N8skP/ufquu2GPdnoEGS5cHMV+Kbhp56X/XEV2nr6BVk7nHCzUJPQll9RdEDqcc/94y+uO7k0NSU1N+5V22nQduMe/SjFUl/HDmdsfWrj7P6nIlUkmyLLe0byk/X9G+/r7On0A"
"epierce13@dagondesign.com","owGbwMvMwMT47u2qw7kXP69kPC2fxBA+/VlwakFmalFyqqGxQ0pien5eSmpxZnqeXnJ+bsccFgZGJgY2ViaQMgYuTgGY3oMbWRhuKT1xf+i6dcbc2+opP2KXTJ55ZjKLgAHLy02iVrtV95bUmlb/j4t1813EzRYV66+/0mehgZ7v1M1ru4ofeaVLMN/7rxpyIch/QtHL5UdEtD7eNHv24Ojn0vu2Tw08hbo9ZmwsvftsW/pRz7ffZ2xek3sncda3D32dNy4FzctLDPg/JaT7akA4AA=="
"fgraham28@over-blog.com","owGbwMvMwMT47u2qw7kXP69kPC2bxBA+/VlIWnpRYkZirpGFQ35ZapFuUk5+ul5yfm7HbBYGRiYGNlYmkCIGLk4BmM4zm5m/By1azfmQZxdDd8wcF4WLVX6lJuc5u7O3pgjvXDFl15aJMwVqH8m9Wz5/syd7VsRX7eUxdyM+TxEM/CR3VXaCU3D5ATMR1Q3bn+odmHD68t4IrrUHwg46z9qZPk8syfAbm0OG60PNlCXHnydNlX51/fBno8qpol0ftqisOyTKZ5Bn9Jf/d/sBAA=="
"fmiller2k@macromedia.com","owGbwMvMwMT47u2qw7kXP69kPC2XxBA+/VlIWm5mTk5qkVG2Q25iclF+bmpKZqJecn5uxxwWBkYmBjZWJpAqBi5OAZjWmmAWhgaOt9M4s86z7cqZUi9ruPbX3zCdukVFqbsVMn9PPqIvmiBuectrt6xzqM8v1TCGn+nn8wW/6t7Vzpr9yeTS9hMhmdtOzjhy5vq66KC3Rbkdbe3TNh00DEm7Zsu27VGK7I0/kc4LKsXqNkxTdd9+VCdtm0lh3Lys2ZqXrENOJ/gHLzlxsDz0BgA="
"fpalmer2n@canalblog.com","owGbwMvMwMT47u2qw7kXP69kPC2bxBA+/VlIWkFiTm5qkVGeQ3JiXmJOUk5+ul5yfm7HHBYGRiYGNlYmkCIGLk4BmM5Eceb/SYq/j8xP4RdcK1F3wUGlQFdqNWfV2z3Gr5JLb6zVeu5y7bLZbWH15vr9P3X+Tb6jn/BB+3yfuOrdDX/LOb8rcB9INO603ZrwMzqVySLmxvElCum6OytX1sla810w0tk6r/Hm5P1LFxuH5376YZqa07Lv4pEE084AcY7lnIEp7TMkz+q37JgJAA=="
"fsimsv@nsw.gov.au","owGbwMvMwMT47u2qw7kXP69kPC2exBA+/VloWnFmbnGZQ15xuV56fpleYmnHHBYGRiYGNlYmkDQDF6cATE/ZBxaGLsew2GUcXUfjjNzPBtX5Bhf5x3zL23NH7dVfn7T5Ez6b6rG8Ttt9IOVH21S5zsov0/MeiqqHfN8uxZG56/HDK/+3HMn8r1CntWNWg8xr0d1p0h7N93fIn5Q5aRq+rynj0Ip3gnf0Gt7P3xS34cOuGo0jBQG2vvp7TrgsXtb5ubNaf9eRR+lNAA=="
"gsimpson1c@cnet.com","owGbwMvMwMT47u2qw7kXP69kPC2ZxBA+/VloenFmbkFxfp5hskNyXmqJXnJ+bsccFgZGJgY2ViaQAgYuTgGYrhxr5v8F3KnSs77Ee91ZHCskp7eDNyXtp+wSMcsNIfUl5771OfqbfTutyVVeuEmbpTv05IHczuZFqysX78x+GBJxXdNOoOs/2wSfJfwZ2VkKt978KOjs2L737UwJqW6WPVvT4u1O2sTdudb85kP7VV2n5QWLX+oHZq6a0rFE/tnmw/9jfAPKywMuyAAA"
"gstewart1x@businessinsider.com","owGbwMvMwMT47u2qw7kXP69kPK2SxBA+/VloenFJanliUYlhhUNSaXFmXmoxkCjOTEkt0kvOz+2Yw8LAyMTAxsoEUsvAxSkAM+DbG+b/aVcLYy/zfdyV3ZQV2xFrvaDAL+E509m93AWLt1084WB3ukXOvt+MT03/jC/DrupykYpC5ycRJtGejYlz19cfzNQNqfb1t809ebDzx8JvN8I4al20HtyTD5+W12B+fLGR/rvZAgfEZtgdWxoqwuoXc2rqpxXmv9UvqXcqst66XP504Wz5wPcA"
"hcampbell1g@fda.gov","owGbwMvMwMT47u2qw7kXP69kPC2ZxBA+/VlYRnJibkFSak6OYbpDWkqiXnp+WcccFgZGJgY2ViaQAgYuTgGYroo7LAzXKu9rXTzwfnMU5+fbV+ucme55qywt1Fd4ukPQVsbqTc3Vnxr5J87rTUs9bqkfbJfImeJt9Ybp0VG+mOqIbK0tK3gy9jzcOnt+kLqvTP3K/I2xLXau5mdkRG+8ueYZW8R+TZwnYnEnt7jSIbt0g/l++6VOtD5VOvzo8YqH1Y5bBFO/eXIsXAAA"
"hjordanx@nih.gov","owGbwMvMwMT47u2qw7kXP69kPC2WxBA+/VlYRlZ+UUpiXoVDXmaGXnp+WcccFgZGJgY2ViaQLAMXpwBMy60e5n92Sy8VxOVYn98npNVw1/Lo5I91XFYZ6TZHdiwpTL0YzhD5Pmfuis0azvetVD/uODjjNuM/+WVl/84k3j4yb4vJjHOGnps3nZm1dcPRF3nCcdNL/gis+rzs6AO/9nCfBSIOeaZvNOYzHixV+9Hwfnt1WkCD30NFMS+mBdKv375p0Vhu6l3AZl8GAA=="
"hramos2g@github.com","owGbwMvMwMT47u2qw7kXP69kPC2ZxBA+/VlYRlFibn6xUbpDemZJRmmSXnJ+bsccFgZGJgY2ViaQAgYuTgGYrmvBLAwzQ9ju360Xn9nMfliZb9a56ihruwnlFb0TFnWqey672eiz6aZdhI6JzvqvzdZfFV6c+b8+quX7s9L5u72K9myY3tx4knfyb5fOFWd+LNsS5lEtIHKt/OoP6RvRkukn/bYWSH3lEb14+sKcF13Cvk/SbuvkV//O8v+g8rx2ic66i+5rdn9L294AAA=="
"hshaw15@businesswire.com","owGbwMvMwMT47u2qw7kXP69kPC2XxBA+/VlYRnFGYrmhqUNSaXFmXmpxcXlmUapecn5uxxwWBkYmBjZWJpAqBi5OAZjWzvksDGsqbyWo1Py/e159Uqyc4fn3thdY219MlLqq1eYw/c2teM+yM4eLORpXdRxQtNx5YfeTd7k/tnnc3ihoWXow7KSrgrOHy7GWO4VVx3mkT9iKlFyacz5GPy+C96v0/cqikiuFmonT0s6W2P3RV5Y0434hul/mrtK6aRLM5c2uP+6Gz1+w2fjODwA="
"jburtonf@utexas.edu","owGbwMvMwMT47u2qw7kXP69kPC2ZxBA+/Vl4VlJpUUl+XppDaUlqRWKxXmpKacccFgZGJgY2ViaQAgYuTgGYLl5mFoZr2kKyu5y7f9tpOiuc2KpmP6c9NnUOmxn/rkdGOpGFK/hPPtvsLZaWk8W//XTv5k3JildP315pkLf1vGXJ2vWWcrMPrRdZo18kWPn+Tlth2yIprinR0Sp+2iri0Zrejz+nuLGdXMbfVz/Z8NeVUpPTH0OP13WJ+F5TS1QN5DETO6z+RyL4BwA="
"jclark9@nifty.com","owEBxgA5/5ANAwACAe7tqsNt0fOpAcsXYgBXl+ZXamNsYXJrOUBuaWZ0eS5jb22InAQAAQIABgUCV5fmVwAKCRDu7arDbdHzqep9BACa0Pj6GP8qtG8wA0+XgSXn4nILjLi+JHagR//8jXfofB+qNsSdfSUIrXyM4PAS/5GZ2oLLd2OM7Zax2Puw0n35eivoCiPU3PmTMAarLbrWPPQm8mHdif7Mja7BZ8MV7lWCuxsmmGq7lnauWKKkS9ErlLY+lSWsv9IZ4ONaHss7hA=="
"jfrazier1z@bandcamp.com","owEBzAAz/5ANAwACAe7tqsNt0fOpAcsdYgBXl+ZXamZyYXppZXIxekBiYW5kY2FtcC5jb22InAQAAQIABgUCV5fmVwAKCRDu7arDbdHzqbWvA/4sFsz8S9FNcO3S220DYAZVR9XBieNMrrXZ8di5f9ayhMKFoeo5+sLtNe51J8gO6ZTHm6P02LMbaVXX6x6sR5KetV88FjQo+LZOEXg6pYYAAHuSF5nJJdzsG2eZl5O4096UtkuRdGhGHsDZAinIr2CaKqMkmYt3k9dhfzthyJBSUA=="
"jhowell1m@tinypic.com","owGbwMvMwMT47u2qw7kXP69kPC2dxBA+/VlEVkZ+eWpOjmGuQ0lmXmVBZrJecn5uxxwWBkYmBjZWJpASBi5OAZi+vcHM/1Rq03gP7dF48yTxUOpnvtW8Tft5f52+Xzt9t8nF7RMenNYWC++c06z7cUrp5Mn9a8V3lIfof720Ue5i38Qbd1LTvYsFV8+QCIs753s/7EHLpu/fV7i5nzj0en7fvLN/mjTkLheH96bZNL958SBG8FPt+Qux7U5tvWtqHl166PV95oLo26pWs7gA"
"jhughesc@wired.com","owGbwMvMwMT47u2qw7kXP69kPC2RxBA+/VlEVkZpekZqcbJDeWZRaopecn5uxxwWBkYmBjZWJpA8AxenAEzTka0sDH0XnHdW/3uozmFo3tgePv8ik23d4SbT34tiOnxmme2d3DZdo/jNy6x9zr8kmwLPSV6J+snPGsKaIZo/+/z8Wydtucvf3LzqXFugeP5kUMnXIqcXK87Mi1v5OmTaOoPFKhUbNdnuNOb7yB9sXHVgxzH+X6ZL5FI0jVi/BF68IqVxzt7Sx+foLwA="
"jhunter2c@joomla.org","owGbwMvMwMT47u2qw7kXP69kPC2VxBA+/VlEVkZpXklqkVGyQ1Z+fm5Ool5+UXrHHBYGRiYGNlYmkAoGLk4BmLY9C5j/R224XRPrXy/3+SmXtGy40AKmWFfd6ND3Z09f18to1Prx85bQl/CezRcf/a5tXHDa5++/CTz7nfh/Xn9pxp315jtXKl9NvbFOi/aE45v32m5geH/+x/983z81b9pCLBLf1doKbWGPOdsVzrvEYX7x/fpZnD/fH28RvHH9d4H6BN0X7dc4Uvi8AA=="
"jjacobs2i@earthlink.net","owGbwMvMwMT47u2qw7kXP69kPC2bxBA+/VlEVlZicn5SsVGmQ2piUUlGTmZetl5eaknHHBYGRiYGNlYmkCIGLk4BmM6z5cz/jFpndN2b4r4w4tas378OTrV9IrPuqWphMpuaguC+/z1Hf0xa3K7/2bspwz3UfbWDZIXqorI+gzWukepPRM7kL9qvrPj2xnSmPWFK+09dK5xz+8ylvok8531vLt3LeYxjBvOs6wd6/P4o8p8K9504yfSHp9GTPmFTx0O57idCrF//91N5Z3yzGQA="
"jmoore10@prlog.org","owGbwMvMwMT47u2qw7kXP69kPC2RxBA+/VlkVm5+flGqoYFDQVFOfrpeflF6xxwWBkYmBjZWJpA8AxenAEyTXxHzf+/43Iz4+zFmsrKhnCzSdQ8UK2svFD44ZCi10+WBetFFfR72Mw+K6/fpJnlMEf2zaduVpIkS7glzLKJXfV/NuECsW/T7pBkTonx2bmyZsCnF5XSy8xqv+vSQz+zctpPcN/Wynpp09/P96I4fChF8jMeTlRIk5l758rjW5NiFRT8WaRamzO+RAgA="
"jmorris2f@squarespace.com","owGbwMvMwMT47u2qw7kXP69kPC2fxBA+/VlkVm5+UVFmsVGaQ3FhaWJRanFBYnKqXnJ+bsccFgZGJgY2ViaQMgYuTgGY3oeVzP9dzbTU10+yd79jevb/fc99Px7e3bNrw22Wr7MdPW8VfmR3E9Kx3FYvJ/V0ncKJbW9sTE5ObXonyFITNfFcvriFt8ZCsbNmX+O6Xmz2LXinukTl+Q6OTTNCVCbHL3xt3OHX9W36CcnX4qwzvwuEmAVfXXHXMvvyp6xPEouLeW7XL3WRZ7nzYZIeAA=="
"jowensk@yahoo.co.jp","owGbwMvMwMT47u2qw7kXP69kPC2ZxBA+/VlkVn55al5xtkNlYkZ+vl5yvl5WQcccFgZGJgY2ViaQAgYuTgGYriYD5n+Gtw3raz0ydky/nq+9Y9nCAq9whg31B13FOj++5NGyv/zM3Vh37jShay+8wr02nk6bXDuLySE+7MktydW982V0nvLv5t1VeVHg1mufz5fqHx8w7GHm2Px458FVCjvNekIWedz8xboqxXVC+R3pCKmpd1kuVwm/XMP04a3YPZ+V6+rPCldXB+cDAA=="
"jperez23@dedecms.com","owGbwMvMwMT47u2qw7kXP69kPC2VxBA+/VlkVkFqUWqVkbFDSmpKanJusV5yfm7HHBYGRiYGNlYmkAoGLk4BmLZOLxaGS1OnB9uWRsoYSx9O/8KYcEpfXyqyo+9Op7wd75q1hZcjlU3P/Slbd/tL7c+nM6O6JIN7P/YzOz72OTnvrE/gJuEAhVsHWpUbLz9isTN5ZjWda+5zr3d7OBafbvuhwhBzcsPyWaefenJ3PhOZ0vD35mommTul9v1RYTGspdNWb+ap3z4na7czAA=="
"jriley2r@ebay.co.uk","owGbwMvMwMT47u2qw7kXP69kPC2ZxBA+/VlUVlFmTmqlUZFDalJipV5yvl5pdsccFgZGJgY2ViaQAgYuTgGYLnUtFoa1M9ILfO78/btoveSU/wwfNxz8Y7Qx7OuMLIlrV+9M8HESjv36lzf5fyHHholLhV/e9GeRO8crnTO5pHSH8rTz9xIW/V+npPfISEPm1vwKnYoUp6PPeK59K55htMtPRXmXt92CyQ4yv579Kvd88tFlutiXHbZzAuqiTjdKGIbMVBby2sSlf/gIAA=="
"jsandersw@rambler.ru","owGbwMvMwMT47u2qw7kXP69kPC2VxBA+/VlUVnFiXkpqUXG5Q1FiblJOapFeUWnHHBYGRiYGNlYmkAoGLk4BmLYt1cz/VLbZPNEK67+4eMOqNp9bXOFLeh+ktfCtvMJrnfhqc6BX8K1jUp9OzGoWXzdVofd3f6fR70nKWzXSPKs/eHmr+ulfCezY9fL5k51b2MWP28k9CK1vfMf1RNem/Fh9hofS7QPOF6K+rr4SmDMvKMV0tscd30c/Jqg1BV9NZ8+/E62589PF/1/5AQ=="
"jtorres2@tuttocitta.it","owGbwMvMwMT47u2qw7kXP69kPC2TxBA+/VlUVkl+UVFqsZFDSWlJSX5yZklJol5mScccFgZGJgY2ViaQGgYuTgGYxox5LAwHn39NXZfJrGdrIXvEeFN+69xMI/7LTqGsHptPe9m1lXycWTZrs4pAy2oXhrwvnw3uszBu0kyZP8mjgUt66ZJ7mdkV090nK18yPf3efslBS56J4YXmspelb9x/+tRmj4z8idNfr3zx2uJ3kGGG1gnj65ttzokwKAbqK6W7z3s+OezUzRKPXzEA"
"jturnerr@engadget.com","owGbwMvMwMT47u2qw7kXP69kPC2dxBA+/Vl0VklpUV5qUZFDal56Ykp6aolecn5uxxwWBkYmBjZWJpASBi5OAZi+BQnM/4sflUis1txcfkztrHXNBqbug/NaLnjd2tmql2s25/dPK4vnaU+iwh1Om17mnxhQrXa1fZYlS3qo9Ws745fMqu/O7t7PJrpM5cqPzbdtl//jYNmie39j+oNjogeqFNL+F51fy6Op+HbGjNbQU0WiE7M/vTwW93FO5o0Hk7/8vFRxce6PFbzvLOwA"
"jwashington14@gravatar.com","owGbwMvMwMT47u2qw7kXP69kPK2QxBA+/Vl0VnlicUZmXnpJfp6hiUN6UWJZYklikV5yfm7HHBYGRiYGNlYmkDoGLk4BmGYrbub/2V7BBw5KNy9UTriWbD7jEG+LmzKv+YGu+CXSPAuN7LeZsRyeLrlb+478QmOtOfZptZf7We4qH5g4Y3PEL4f7PEWVBzd2Rl6/PYm98lyc8IlsixJhCYdbEq7PPa22/zbsul5f1e1sa93+78BRlgo1ufmXrgm3Lkz+2qrzc348+25VUUm7t3UA"
"jwoodsj@google.com.hk","owGbwMvMwMT47u2qw7kXP69kPC2dxBA+/Vl0Vnl+fkpxlkN6fn56Tqpecn6uXkZ2xxwWBkYmBjZWJpASBi5OAZi+Tn7m/6FXP75TC74dfq5rGvOsq8fqr66c1/3Y9IHidQGG02I2F6rOycaFZVz8sGHl9FdLOizV/xwySdYJNOe+9fk/z3InsdLOnW+5NtRe79hVYPFjWVhENEe+xeo5Yvtirk0yeKFds6Xn8guNHI2PB/VfBOUfsVDdkNXa4fHkmOrBE8+t2Jfd5hd6ux4A"
"kdean2o@about.com","owGbwMvMwMT47u2qw7kXP69kPC2exBA+/Vl0dkpqYp5RvkNiUn5piV5yfm7HHBYGRiYGNlYmkDQDF6cATE9sHfP/0otzme8UbTx1PN+mvPHkbFfLzG8ftu+VPSGRdtxg8g/3Y3pmasaVfpKPv9Zfa5zdw+uYZ9AUe1zKuM9zKUuE3A9rf3uHZCflJbNaXn+WFq3c9fDT8nlMaz/XT7hnHinsOeni0yrTZwqP5gToFViXCfVxWWwJDnVNYNJ98T18QfYenqn3f2kCAA=="
"khughes2e@unblog.fr","owGbwMvMwMT47u2qw7kXP69kPC2ZxBA+/VlMdkZpekZqsVGqQ2leUk5+ul5aUcccFgZGJgY2ViaQAgYuTgGYrg8uzP+zjac7xN0PdnrwYN42818PJp9vd7Qw6zlek/zcsU3878erLDw+65YXqbN2z713dNn/h2w8CUZle7e/uJa6L1jv8PV+gWhZjoIvXPsnL1uwPakkY+OKU5kN1v/DnfIuuFxfEhJ++lI2cwnbfv0VfsLOCrseLCn/PcMpjmmFoU5Oq2yJ/qGIW98A"
"kmitchell0@prnewswire.com","owGbwMvMwMT47u2qw7kXP69kPC2fxBA+/VlMdm5mSXJGak6OgUNBUV5qeXF5ZlGqXnJ+bsccFgZGJgY2ViaQMgYuTgGY3vM3mP9KfHtWvUq87dZBeW/jiScfK2e2WDLMr76Xdi9F73NR2eV6Rubm/RPCGXftYm3feW+aT6WO9IacEuX6JIng31fFbJbwzX6u5XLN2Erw5aLVud8+Oq/K1zCNy+hyOa2/Opr92YqNPhwap1nEo13KGOUUP7OK220RKt5jU+U16dNb392rTAWF5QA="
"knichols1s@cnbc.com","owGbwMvMwMT47u2qw7kXP69kPC2ZxBA+/VlMdl5mckZ+TrFhsUNyXlKyXnJ+bsccFgZGJgY2ViaQAgYuTgGYLub1LAyL4/pFQ/9Wrb36zrUyQPLRpZULrkauezxVecWJvfdyWzlf1fhprtP23zfR6A9L25IHN/cZbrn3bHGF7Mf4HSf+WD7IExfvP2NoFhzxM+qu6tKHN/70+LotZT+ix7efc5YQs2nc7+vGFT1Oqt1vCma9XRTpH6to/Es0K/9o4+SAzGnTOsQ3Zu0FAA=="
"kpatterson7@acquirethisname.com","owGbwMvMwMT47u2qw7kXP69kPK2axBA+/VlMdkFiSUlqUXF+nrlDYnJhaWZRaklGZnFeYm6qXnJ+bsccFgZGJgY2ViaQYgYuTgGYCZJ3mP9n8JxYNT/wpH/4l2z7R8+LdNfNXSnfuuQ9+801aUc10+Vkzlhri52M+Xxraq2u+4b7/nnvDweIG/+sSJ31PDnCw/HLw3e8Eb6fenbUhHizT9uXoe9js6LiWKRoZ5rthKaVd3OjRU4/PfDg+cm6gh/7De/J7XY/ZDrVaMqOVM/+VWdat51TKCgDAA=="
"ksanchez22@simplemachines.org","owGbwMvMwMT47u2qw7kXP69kPK2cxBA+/VlsdnFiXnJGapWRkUNxZm5BTmpuYnJGZl5qsV5+UXrHHBYGRiYGNlYmkFIGLk4BmP6E7SwMK05wRRwp9jTrWnKqZHdXtWsgV/Miaf0DdrbiiSudmddvSXD99ejYRdVfOw1fNBxLOsrgVF8p+0u8cMv72NzYO6byqwuWni1e7n4+PdZPen1xx9Slre0H4j89vviL23nWK1mPRaw5zD8Ptx94qrLUWXDjI4+F4uxnzsx/V58w6zcTzx7pIOMGAA=="
"landerson6@cargocollective.com","owGbwMvMwMT47u2qw7kXP69kPK2SxBA+/VlsTmJeSmpRcX6emUNyYlF6fnJ+Tk5qcklmWapecn5uxxwWBkYmBjZWJpBaBi5OAZgBE5WY/8r9fHc6iGeB14niaXLfHsc5u4ZOcQ3b+dEkyu/KOtfjMpzWAXMOHXaJf/zLyvjMdOPOz8qxdj5iu+pS5vzvcFn4dmpLxAFRAR27GyXLivZukGRiELBU1OtgkvI+dECoLEinyTF3SdM1/vyHsZElOy6kp/AEde6JKtu54fd95aNVTeunXcz/BgA="
"lday3@salon.com","owGbwMvMwMT47u2qw7kXP69kPC2axBA+/VlsTkpipbFDcWJOfp5ecn5uxxwWBkYmBjZWJpAkAxenAEzHpXbm36xbe6e52c3Ts7+i8SaH64VL3jQXWwGDlK9df06oBKfcay/fNXl/dkDH1Jh4Bufn+QcN0tnXv/LgKFymqKmzyz2D//tvjZ6/yxeHW1X7P4s8kaKSI7QqTpqz9VPM5KIDr6r+e2cK7TnPcVlgerir5r/jy+zCc66cmVT8yCTg3KR44Y/Rn4XsAA=="
"llarsonz@hud.gov","owGbwMvMwMT47u2qw7kXP69kPC2WxBA+/VlcTk5iUXF+XpVDRmmKXnp+WcccFgZGJgY2ViaQLAMXpwBMy55iFoY1nCmXVc8LGKttvSb1OUGk7pb727knd77bXnD09jGpxGMz+X+wMxd8T+mdt2G//LJLpfP7rfVmhixP4bn469jMjMlSklMFai3vyG3bHPdOiaFP44SW6dTi7JxHVpukNvH5tOZPnKWZtc7lCvePldIbajfycfm9uXJZO5pTRiAt4ZKF/rmAMycB"
"lrobertsong@yellowbook.com","owEBzwAw/5ANAwACAe7tqsNt0fOpAcsgYgBXl+ZebHJvYmVydHNvbmdAeWVsbG93Ym9vay5jb22InAQAAQIABgUCV5fmXgAKCRDu7arDbdHzqQ2MBADAPYAwq7f67Wj0gVGzf0OoufxHlG3FviFD/7N5lXDi+5/YUA5wfNRIHdDExqkSVO5WFal+ccyqeLMSRQm+SjL+Bynb1ZgUqb2Dd7gxZgJk+JRPr6vfo5FotqRSpyDr44N8awqivy2Il5ESx6z3MvOH+cP/G4awjMRgVCysokPs8w=="
"lsimpson1k@samsung.com","owGbwMvMwMT47u2qw7kXP69kPC2TxBA+/VlcTnFmbkFxfp5htkNxYm5xaV66XnJ+bsccFgZGJgY2ViaQGgYuTgGYxj8nmP8X3lw9KdmwUueX2G+jkuXTwj59vZdtteGsp27ZrOuMCk2978QjzOp5DwioaN66Y26ds8z+jP35E/xR9f9Z+uatVbxXe4pRkud5nc5U3vc/Z7OvCdF8ZXB+9Wu31ZeDdR6dMPZYYhLO3M7DO/fC7A1bGAXeGnIfVSwsEhBVmN7mdWzmtOTSwBQA"
"ltuckero@parallels.com","owGbwMvMwMT47u2qw7kXP69kPC2TxBA+/VlcTklpcnZqUb5DQWJRYk5Oak6xXnJ+bsccFgZGJgY2ViaQGgYuTgGYxu/8zP8jbRPPLDv8I0b8aplP/optG2u+lX2ZXRa1UiVk2u8e30sPFvTz2V3uC5kxce7cOOmfN1Jabhy+aThbMGzJ3PQvC22Nc2+2VDtk10rNnDTL+8rsIzz8pmdZHQ5Vn+tneRDQJOW9/5VovGZekcYlgR3fPZwlj12oS4ovnTK1fo9L5l0nX66izHYA"
"lward4@ezinearticles.com","owGbwMvMwMT47u2qw7kXP69kPC2XxBA+/Vl8TnliUYqJQ2pVZl5qYlFJZnJOarFecn5uxxwWBkYmBjZWJpAqBi5OAZjW6xUsDLO3L54RfuU165nXOyx4H0yMsZRbmNA82f3rrWL3fRtLAvjzTk2QtXnhvULM3cTKY+lbVhljgb3r9hTNq/aOshJK1XsZtPh6dTvL/SsnN4v9vcCUwb0zQPXl7ns5ARv2dj37qyQk+oMrL2x/svCzh53Xril9ldS4dOfdr/13sst+X2CzPeVxIgQA"
"mfernandez1a@hostgator.com","owGbwMvMwMT47u2qw7kXP69kPK2QxBA+/Vl8blpqUV5iXkpqlWGiQ0Z+cUl6Ykl+kV5yfm7HHBYGRiYGNlYmkDoGLk4BmOZl15j/2Xeom8xyLfn36t5NlSAu0R8BjVJzfb38wriXKPvFJylN4prFvGnjotRAvdCZFxsCJZwvsj7/kDXhRKLwIc0ZcYc/2QXeu+MtOlP4NnvcgUrzH1yLZxsqJtY8OPHgUPnf0rnRF/cUPW9tfPF7xswnx/YJTUv7Zrh79ctP8zPucb6aoZpVuc//NAA="
"mray1b@mediafire.com","owGbwMvMwMT47u2qw7kXP69kPC2VxBA+/Vl8blFipWGSQ25qSmZiWmZRql5yfm7HHBYGRiYGNlYmkAoGLk4BmLapJ1kYNqw0E9eS/F1b1RjS9v+d64G0Sw1hF1QXTDz6x0J8p4/0jzkaU2cIhm72E6793sAR/5fnk3FX97WF+0K3Fx9mnzrpzZKr8XPLT3XrHOn8FHPSUd0/bucP4b/zVvNv45Y1/V+Z0sRZd2LHLhulUvVNWg2zt4ceDuxYxKS6Y/fk6bkJRYlM7xlnAAA="
"mthomas24@harvard.edu","owEBygA1/5ANAwACAe7tqsNt0fOpAcsbYgBXl+ZfbXRob21hczI0QGhhcnZhcmQuZWR1iJwEAAECAAYFAleX5l8ACgkQ7u2qw23R86n2pgQAr/ZJFPp+LWjPaizj4JDoPNJ8Np0YzTFeTG7I7gvNkN0wEdxEFgSvWWH/Xyuu0aDx4JUAwLGCrQSXZ7XxD/BTLyx97rSp0ygdVJkhACIk6znDkck96JnbnU1hFTepmZlHZ3F9/ereYnmYslXJ0K24js0S9qxbsV4wYEbbNqj06ek="
"mwoods1@tuttocitta.it","owGbwMvMwMT47u2qw7kXP69kPC2dxBA+/VlCbnl+fkqxoUNJaUlJfnJmSUmiXmZJxxwWBkYmBjZWJpASBi5OAZg+66fM/+sOG79Z02v7qSsiahKf8l7p/SZ/p9X2C84um8u5rifHvCan5JvAMY/vsoLXuQ5e3Cv+oK7J1emh658tt5Y/cj9a+XOelr3cvo66OwzhBk2WQStevFLb8sM7vtbp3rrIT3tPNlQ6Rl8sm2ASsV67Q/6lg92tW++4pXl/5/o7efBP5s4ReND2DwA="
"nduncane@nationalgeographic.com","owEB1AAr/5ANAwACAe7tqsNt0fOpAcslYgBXl+ZgbmR1bmNhbmVAbmF0aW9uYWxnZW9ncmFwaGljLmNvbYicBAABAgAGBQJXl+ZgAAoJEO7tqsNt0fOpJ04EAKazlCknOh91N2KMphmrZvG+E5rhK0DXgM8VZvU1IL7h7sKpQIVws8dy4yKZyajL1RSS+LBxVEIPeYjSHFL75M5Yuh6vjpzqWMcd2gr+/heuTGUaxv4vn8bqaqf9giWwUK5t85mFNKfODDYB0C/5OfrB7uQAQQXil0Mx4k2/5pZS"
"pelliotts@washington.edu","owGbwMvMwMT47u2qw7kXP69kPC2XxBA+/VlCQWpOTmZ+SUmxQ3licUZmXnpJfp5eakppxxwWBkYmBjZWJpAqBi5OAZjWPcdYGHbN3O3h27bmIHtoV5+/mn73mT3RMhOTru48qZEbFR8cu+yfSU0Ga+WXbwvLF+7xqTy9fvqCc+5xpzR19Zbd+Pdo9cIJP0qPHGTWnP42Z+lOP+7/ZQUM0qlls/LXR13jfrzxWNbfEkVem2nOZzwX7nH1WBuW1f/nL1/Zz3M7dtazsa57H5nwOAUA"
"pgeorge1l@friendfeed.com","owGbwMvMwMT47u2qw7kXP69kPC2XxBA+/VliQXpqflF6qmGOQ1pRZmpeSlpqaopecn5ux2wWBkYmBjZWJpAqBi5OAZjWlE7mb/Z7rf5cMr6vOcGJXaZAJvmyzlzxixsu/z9exvQiYfnNlWtmG690iXz0VF2fc8vqWvHLhowrckPq9NtjLLrzthzaP6UyYvmd6IiKhBzWKc5Cz/RyDLi0pE65y7b81M0SOdS5h23WFu3JnhLl3dvZslg+cvOXcgiE9+Y9bAzk8vv6JXmPSxgA"
"pphillips1u@boston.com","owGbwMvMwMT47u2qw7kXP69kPC2TxBA+/VliQUFGZk5OZkGxYalDUn5xSX6eXnJ+bsccFgZGJgY2ViaQGgYuTgGYxtuzWBjO7PrWcihvf+eHg33xRrMlbCbe3XLce6pY09lsFdbzS+ZPkMw8eWRF1L5Jk0ptvt+1a9w3Z4/GSqaGerV/lrf+CSllhT5USLx9l2H22wt6/iFsnopufQtClDUspm1U/dI9Ocyf4eo382879wiodX4y4z36zqIx4aSFiDA/U+3dt3lejZLt8S0A"
"probertson12@ow.ly","owGbwMvMwMT47u2qw7kXP69kPC2RxBA+/VliQVF+UmpRSXF+nqGRQ365Xk5lxxwWBkYmBjZWJpA8AxenAExTZwvz/wAGBmVrXcFvWRdXSbnZHSn22Kh1tzusxrLG2H7CY23202qFQTOPXdFo3rr0/ibJblWByDUP7T/2x2i3GNmKfj293da6ebYzZ/KavbMEndof3NNb5SfGuyPz8q2WwI8VNq1zC0QZXgaaHDIOvne9xP+zxbzo2NM1X9++/fbRqODjnzazZVu3AwA="
"rhoward1j@google.com.au","owGbwMvMwMT47u2qw7kXP69kPC2bxBA+/VliUUZ+eWJRimGWQ3p+fnpOql5yfq5eYmnHHBYGRiYGNlYmkCIGLk4BmM7OeSwMJ7xfFZ3ZuubnlFVurPfbVb8vUEnptfx2YaujqrWO8vLlm2ZxCT+qcLyo3n2J1ePT6ZKgaZcOTlj8VLNDwGuRWsM/vXoNx8X7k9bPcfh6qzev42BX+td3JxVnT/R4y7Gw+4fUuUV8fUz8J9528sx3tRUI213Y//zyU3cvV/nNgQYTM2befX9gCgA="
"rhudson1d@twitpic.com","owGbwMvMwMT47u2qw7kXP69kPC2dxBA+/VlSUUZpSnF+nmGKQ0l5ZklBZrJecn5uxxwWBkYmBjZWJpASBi5OAZg+vi3M/wN6J+1r8+TOjrn6PuztrurST2dLDqufupupcP/ol32xc8Pmf2SpevuiZXHUnzT99Hu7G1i+VH01zbfV9loW8bM+lm9nSeCsdUf92oQ7FSK2xyu0msjJvZ7rwVv/ZvnOE4KLlvFYF1maXLm5/88mPZ8D/74etz492yGscOPDwOirh29+W1WndgUA"
"rjamesd@prnewswire.com","owGbwMvMwMT47u2qw7kXP69kPC2TxBA+/VlSUVZibmpxikNBUV5qeXF5ZlGqXnJ+bsccFgZGJgY2ViaQGgYuTgGYxviPLAxX9APsNkQoa8VNCVJJn/swdoVOZ8m/0N2xx0QsLh4XFuyon1qj9XyX4SfF1is/D4k2zsrz0b8h9ST4xdu/OyQ/7giQ+Lw2o2ZfTJBVXQnz5eLgJdP/3Jzc3Vacfn07Q7fUXLvYSIb+HI/4g/f3xzck/NzfZnVQ8OO3A/4pD17P3/pcMebWjJcA"
"rjohnson1i@163.com","owGbwMvMwMT47u2qw7kXP69kPC2RxBA+/VlSUVZ+Rl5xfp5hpoOhmbFecn5uxxwWBkYmBjZWJpA8AxenAEzTz37m/znfTx5W9o3v4A7gjnPi7xFceHovX+j6yjPHlnqYt4c+VJvzq9ejn5/vz81ijQ27pKbsNly8PYDtksqpX4zVVm/F7RINuw/qxBmrhk755TmDa9ay4/WMJ9uTVyR9XGNmsqnG6epGBzWb3R+lWRuT5jSrG/CsVeCWPZ5x1F9zqgx3cVvx2vmHAA=="
"roliver1t@jalbum.net","owGbwMvMwMT47u2qw7kXP69kPC2VxBA+/VlSUX5OZllqkWGJQ1ZiTlJprl5eaknHHBYGRiYGNlYmkAoGLk4BmDa/7cz/g+2OJ128t/fvEd+gT95qywK2FvSszFgVZCbMt/KYE6Pi/Rr7n2+cq/VTtjxYzxrL9vDmh97yyk1VahIM/34r3VVdNHH2pBlCB5b4cqSwby/IvrmxNPSi21nrrANW8Sb6U3hrtDZbN1/+dcHe8nD862K1A/Oc+84Ger7n0bj44EHu8zfrL54KAwA="
"rowens1e@webmd.com","owGbwMvMwMT47u2qw7kXP69kPC2RxBA+/VlyUX55al6xYapDeWpSbopecn5uxxwWBkYmBjZWJpA8AxenAExTJBfzPz2NrsaHm9zvi8y4LSHOsvdu0Hf57Df1ocph8kIxq6Z9etq5tURjLgvv0pdapx/aZT9O5Cxd+Lvw1dffYk1RbqenZAaurOjIeLzywJSGnZc2fZxy3PBIwUfvNq+Y5Vb6N9Lan9zMLHN6ITop2plXySDKIabzopv4/7eKopNF39+SY4m9e7ppBwA="
"rparker2j@mapquest.com","owGbwMvMwMT47u2qw7kXP69kPC2TxBA+/VlyUUFiUXZqkVGWQ25iQWFpanGJXnJ+bsccFgZGJgY2ViaQGgYuTgGYxoc/WBgm9JuZSF2T+NhWZXK/8NWLn7JugXkNbSGNc7bnna9QsUtk+RsxaUJ59NP5F6fxfNc+Z8fUturHFg4zk9rv3c13Vu1M0d3zssLkY/cV/xnGPEq1sgt7Io2PvTY++eJrj6qIxFzPcD8eltV8Fe8nTVAvFgnVefPx1+NYrdDCI+b3rh/c6pDTIQsA"
"rperkins1n@whitehouse.gov","owGbwMvMwMT47u2qw7kXP69kPC2fxBA+/VlyUUFqUXZmXrFhnkN5RmZJakZ+aXGqXnp+WcccFgZGJgY2ViaQMgYuTgGY3mlLmf+75ZtoGt453TDZLO2qwYbtRk5TVsfm/WpafEhz4d7KKFnbjuxSlZcxZgIXvVaK+yzxWZ95e+rjXSmlXfLneu6fuHvFLvdb0c3v1vXZUz78rPwpt3FqXOz1shOnNlz+dHv11QVLGd418f0+Eus81+mW5fadcxZrL6qxPih0kXlNkMuU3HTdqa87AA=="
"rspencerl@mail.ru","owGbwMvMwMT47u2qw7kXP69kPC2exBA+/VlKUXFBal5yalGOQ25iZo5eUWnHHBYGRiYGNlYmkDQDF6cATE+AJgvD2hj22qR5D5J0Nun98vX8GKnVInuNU9XHbMuPpS8mzIxyMZ3wTCPnveHJA2skdok80NjOWp/1zazggWveX1azvnm5tYzqJcfUyhq2ssnOb30xcZ9/+/LF91fOYDTxrl+6suJe+Kl3H/8xiC/xkzhxiis6acr+l2xKk+9vPhHVqSo25Ymkj2gQAA=="
"rwatkins26@sfgate.com","owGbwMvMwMT47u2qw7kXP69kPC2dxBA+/VlKUXliSXZmXrGRmUNxWnpiSapecn5uxxwWBkYmBjZWJpASBi5OAZi+vqvM/6OfCZ2+fvcXX+GtyIBnqgsD9Q8nGp7KWOLtcf2aQkDb8TtTmFxSdyfed5SXD2f5/eo6K7OhtFn3k9+X5nH+MxL6cJffYN4ao9+bN+0W+6JVniH3XHZCZ8CcpcfEczw4te7Ia9qdePf735lVW07f+6wYv8RVYqbPtGOOB5Ys//+YR9O+MOU88zcA"
"rwhitet@soup.io","owGbwMvMwMT47u2qw7kXP69kPC2axBA+/VlKUXlGZklqiUNxfmmBXmZ+xxwWBkYmBjZWJpAkAxenAEzHLBPm/+6R/nITvIO701aftTLOKHlYFSXvefim0r3IjQltUVkfPiu1Zx7cz/4rbO/SCecvh+rE6ygE7Frg/3jBm1g+hegVRZqvJU5o2tis57N1DWtKclwce7ZO67XPCrNdphfyy889rH/SKH049Yea1+PyO4/zSxpXnb5y7XWZSFSsDrtt7T7flwkvAQ=="
"sadams1o@businessinsider.com","owGbwMvMwMT47u2qw7kXP69kPK2UxBA+/VlKcWJKYm6xYb5DUmlxZl5qMZAozkxJLdJLzs/tmMPCwMjEwMbKBFLJwMUpANO+9AXz/2CnLbph/yfM2SczvXCerUBm7C/e7+E+HE1s0VwJ9/M2/1b2qV34fHL2qUdX27jF61KKNn8tcNZ4/nlvu6xm0Ey7QrasA0Z69Yf0D67bczeDJXmfLdcRj0i9i/VXRefnenZ/WMRYcjFWo4mP3TihxVIh2nXiH2H1xt6vNQcK7n6eM+HmktkzAQ=="
"scrawfordi@ftc.gov","owGbwMvMwMT47u2qw7kXP69kPC2RxBA+/VlqcXJRYnlaflFKpkNaSbJeen5ZxxwWBkYmBjZWJpA8AxenAExTqBbz/yqGpa8DXLe2sPtXbuXQdn3QeLRRLkuv+lv6n3MxLhemX4gQXV16IUHj7csUlUkL8+ou5bxiPq/NuXWxJ89y7mVsnrqJ5j+XM3Cf0tX/+OK9g/mNjy32Z/ZvUqvT/Liz9HFcocCkz1c4F8iz89i7r5bgmzPhyoeUNbsykk8sNQ6QSmJ25zy1DQA="
"sgeorge19@odnoklassniki.ru","owGbwMvMwMT47u2qw7kXP69kPK2QxBA+/VlqcXpqflF6qqGlQ35KXn52TmJxcV5mdqZeUWnHHBYGRiYGNlYmkDoGLk4BmOb9U5j/l7XXi6Xe+ZIb4HQybsICSa3Y1OOh0vvrDeZUzhTSFkhzyLzNeZ4l7sr5753KMVmrvNJelHp6Gnte/vL8rE+huMn6r46zsi73xu2Zbl5729TC9+r6Rbl7/lQwFNlrdD8OMflT6HQ6+EZIcrPkhL07fd9UeHd8sdRYUB/7JH+ag0OFPOu95H4A"
"sharrison29@vk.com","owGbwMvMwMT47u2qw7kXP69kPC2RxBA+/VlqcUZiUVFmcX6ekaVDWbZecn5uxxwWBkYmBjZWJpA8AxenAEzT9G4Whr7Fjw+2mrgFdXJ59vsZb8xtUdZO4TE5/fT46fuyd4Q+fVli9f/RB5X+5YGzvvsbbVL3NHIreZQrbH1verxD0ZEjIvyHA0MXVrgtu7BrpmjpFf2LVVIMrJauh5Nav+2PfrzVI3qVVc7Ucq6dbzvfeK32YJo/L6RcnmsOy4TZ/aWFh9azB68TBQA="
"shughes2p@telegraph.co.uk","owGbwMvMwMT47u2qw7kXP69kPC2fxBA+/VlqcUZpekZqsVGBQ0lqTmp6UWJBhl5yvl5pdsccFgZGJgY2ViaQMgYuTgGY3s3vWBg6OWz5o79+db+grukf/etk/Y0PEQt6PRhKGiN5psx8ePSSQvZprydt55TbKk+lZW8oP3n7yQkevmz7h4dtMmftDz4Z1G+qtXl69Lb5qr5/b7alW17s/VF+dcWufuWybs0Sw/KUUFu18A9GJfqHCw6cSpywWWzZBIW8Hx1X3I/wVJxruLhhUQEA"
"tlewis5@deviantart.com","owGbwMvMwMT47u2qw7kXP69kPC2TxBA+/VlaSU5qeWaxqUNKallmYl5JYlGJXnJ+bsccFgZGJgY2ViaQGgYuTgGYRhtF5v91W/xapvZbhsU8DHy/x2ZhfElNw+IH6WJaMeHcVTosrjPX2bj+XPMkqtpuVeU68fQAdpW6o1PX8Z44dWjTSv2gItHzknH5gZoTVVortv494HcpRK+dr0nj77+yiwWFt7ctNgirWd2t2+FZNqE87/XGV5y/OzXu8aVs41/oc/hI+84UhR8z5gEA"
"trogers20@amazon.co.uk","owGbwMvMwMT47u2qw7kXP69kPC2TxBA+/VlaSVF+empRsZGBQ2JuYlV+nl5yvl5pdsccFgZGJgY2ViaQGgYuTgGYRqNlzH841yyINnSI9pi2o2KlafbKw5NTHhnrWYTzSbasjam4lBGybnlj0z3fmvWSEw1tsh5fifFdwR0Wc7VdI2R32q/DrhUn2/SWZa0sXC77XXLfCZYLcyJ0T1yes7/wEs9U46drgww9vTSFVx82lugUvaj56flee9X5Vwzf2X81vpzSNV9b52n27R0A"
"wburns8@smugmug.com","owGbwMvMwMT47u2qw7kXP69kPC2ZxBA+/VlaeVJpUV6xhUNxbmk6EOkl5+d2zGFhYGRiYGNlAilg4OIUgOn638783/+h+EFemVl3H0g8eFGle+ebmaXHBF6Jh0ozK7Jv8Pcl/eucz8mkf4zx6T/D+f+9Ihi59yuVH/Cu/9Vq4GN9OFThcoHHz9sLPsydzjzz4N9T97lSdv9KaWOUaf9wVq6m9tyymgerTd4HKKmfko1+wtzt2b/41IKZmez3auPCX060ZNB9rpeeBQA="
"wmorrisy@seattletimes.com","owGbwMvMwMT47u2qw7kXP69kPC2fxBA+/Vl6eW5+UVFmcaVDcWpiSUlOaklmbmqxXnJ+bsccFgZGJgY2ViaQMgYuTgGY3jXvWRgmvD4Q6KxRURnwfuEZpwc/zULmWS2OO1rEfnBx30cNyVuro9qmhl8P9ZA73djxyuZ5xA0HH/E1kQIHDYXuZx7ccn19jaVwecjfgMXCmd2TjixrPMQUodXvtCdO7sh+DesI77ebYx94yNR9bNW/psd+8f1an6I5rdccTl3+5cqpGpJ5WumhyRwA"
